{"current":{"sections":{"featured-product":{"type":"featured-product","settings":{}},"header":{"type":"header","settings":{"image_for_logo":"shopify:\/\/shop_images\/winnipeg_logo.png","nav_menu":"main-menu","enable_search_box":true}},"footer":{"type":"footer","blocks":{"menu_A8grUb":{"type":"menu","settings":{"title":"Footer title 1","footer_menu":"footer"}},"menu_tD4GQc":{"type":"menu","settings":{"title":"Footer menu 2","footer_menu":"footer-menu-2"}},"image_pECQPz":{"type":"image","settings":{"image":"shopify:\/\/shop_images\/woman-in-the-city_925x_2b0eb804-a83b-439d-b53f-5cfbb05153ef.jpg","url":"shopify:\/\/collections\/best-selling-collection"}},"info_73THXE":{"type":"info","settings":{"rteInfo":"<p>Lorem ipsum details...<\/p>"}}},"block_order":["menu_A8grUb","menu_tD4GQc","image_pECQPz","info_73THXE"],"settings":{}},"c7666290-3f7d-4136-837a-fce70f1f58cb":{"type":"slideshow","blocks":{"b4e2e53a-a9f9-4451-8872-2e1db28edee1":{"type":"slider","settings":{"slider_img":"shopify:\/\/shop_images\/young-hip-woman-at-carnival_925x_ea5de94d-99de-4304-a710-b221248822b1.jpg","slider_title":"First Timer Shiply","slider_description":"First Timer Details"}},"3b48aa30-2af8-4d72-a92e-b802ffca0cdc":{"type":"slider","settings":{"slider_img":"shopify:\/\/shop_images\/smiling-woman-poses_925x_0a1c7393-7cec-410d-be45-4e193ac8f0ed.jpg","slider_title":"Second Timer Shiply","slider_description":"Second Timer Details"}},"e7bfc80f-f109-44d9-b431-12677b53ae62":{"type":"slider","settings":{"slider_img":"shopify:\/\/shop_images\/striped-blouse-fashion_925x_8a34182d-a28d-4637-8b37-7b198f721935.jpg","slider_title":"Third Timer Shiply","slider_description":"Third Timer Details"}},"8055960f-2c00-444c-ba2b-bc43097dc6b2":{"type":"slider","settings":{"slider_img":"shopify:\/\/shop_images\/autumn-photographer-taking-picture_925x_092cb1db-7aac-4894-b4d8-1d764f32c916.jpg","slider_title":"Fourth Timer Shiply","slider_description":"Fourth Timer Details"}}},"block_order":["b4e2e53a-a9f9-4451-8872-2e1db28edee1","3b48aa30-2af8-4d72-a92e-b802ffca0cdc","e7bfc80f-f109-44d9-b431-12677b53ae62","8055960f-2c00-444c-ba2b-bc43097dc6b2"],"settings":{"enable_auto_slide":true}},"1cd81b33-3c3f-433a-9d2a-7a53161755dc":{"type":"featured-collection","settings":{"collection":"best-selling-collection","title":"Featured Collection","limit":8}},"featured_product_hV8WML":{"type":"featured-product","blocks":{"title_PxCJmp":{"type":"title","settings":{}},"price_T4FnJX":{"type":"price","settings":{}},"description_bzgF8f":{"type":"description","settings":{}},"variants_hqbtn7":{"type":"variants","settings":{}},"quantity_CfHJfk":{"type":"quantity","settings":{}},"add_to_cart_3dBM7C":{"type":"addToCart","settings":{}}},"block_order":["title_PxCJmp","price_T4FnJX","description_bzgF8f","variants_hqbtn7","quantity_CfHJfk","add_to_cart_3dBM7C"],"settings":{"product":"ocean-blue-shirt"}},"newsletter_V38tQ4":{"type":"newsletter","blocks":{"title_EbCD6k":{"type":"title","settings":{"title":"Subscribe Us"}},"description_VNWKV3":{"type":"description","settings":{"rteDes":"<p>Lorem ipsum details...<\/p>"}},"email_form_mxayzM":{"type":"email_form","settings":{}}},"block_order":["title_EbCD6k","description_VNWKV3","email_form_mxayzM"],"settings":{"padding_top":85,"padding_bottom":85}},"collection-template":{"type":"collection-template","settings":{"product_per_page":12,"number_of_col":4,"show_second_img":true,"show_vendor":true,"enable_filtering":true}},"product-template":{"type":"product-template","blocks":{"product-template-1":{"type":"vendor","settings":{}},"product-template-0":{"type":"title","settings":{}},"product-template-2":{"type":"price","settings":{}},"product-template-3":{"type":"description","settings":{}},"liquid_bKcqWg":{"type":"liquid","settings":{"liquid":"Green LED lights"}},"product-template-4":{"type":"variants","settings":{}},"product-template-5":{"type":"quntity","settings":{}},"product-template-6":{"type":"add_to_cart_btn","settings":{}}},"block_order":["product-template-1","product-template-0","product-template-2","product-template-3","liquid_bKcqWg","product-template-4","product-template-5","product-template-6"],"settings":{}},"product-recommendations":{"type":"product-recommendations","settings":{"recomendations":"You may also like in store","recom_limit":4}},"suggested-products":{"type":"suggested-products","settings":{"collection":"best-selling-collection"}}},"content_for_index":["c7666290-3f7d-4136-837a-fce70f1f58cb","1cd81b33-3c3f-433a-9d2a-7a53161755dc","featured_product_hV8WML","newsletter_V38tQ4"],"blocks":{"10417039346764910190":{"type":"shopify:\/\/apps\/ali-reviews-product-reviews\/blocks\/widget-popup\/bf2eea72-0400-4db1-8908-44b7418f9a88","disabled":true,"settings":{}}}},"presets":{"Default":{"sections":{"collection-list":{"type":"collection-list","blocks":{"collection-list-0":{"type":"collection","settings":{}},"collection-list-1":{"type":"collection","settings":{}},"collection-list-2":{"type":"collection","settings":{}}},"block_order":["collection-list-0","collection-list-1","collection-list-2"],"settings":{}},"featured-collection":{"type":"featured-collection","settings":{"collection":"frontpage"}},"featured-product":{"type":"featured-product","settings":{}}},"content_for_index":["collection-list","featured-collection","featured-product"]}}}